category,part,region,source,scale,existing(08),existing(10),Base,ZEB5,ZEB4,ZEB3,ZEB2,ZEB1,ZEB+
열관류율,외벽(벽체),중부1,,,0.47,0.36,0.15,0.15,0.15,0.146,0.146,0.144,0.144
열관류율,외벽(벽체),중부2,,,0.47,0.36,0.17,0.169,0.169,0.165,0.165,0.159,0.159
열관류율,외벽(벽체),남부,,,0.58,0.45,0.22,0.219,0.219,0.208,0.208,0.201,0.201
열관류율,외벽(벽체),제주,,,0.76,0.58,0.29,0.29,0.29,0.246,0.246,0.245,0.245
열관류율,외벽(지붕),중부1,,,0.29,0.2,0.15,0.149,0.149,0.146,0.146,0.132,0.132
열관류율,외벽(지붕),중부2,,,0.29,0.2,0.15,0.149,0.149,0.146,0.146,0.132,0.132
열관류율,외벽(지붕),남부,,,0.35,0.24,0.18,0.178,0.178,0.172,0.172,0.16,0.16
열관류율,외벽(지붕),제주,,,0.41,0.29,0.25,0.247,0.247,0.247,0.207,0.207,0.207
열관류율,외벽(바닥),중부1,,,0.35,0.3,0.15,0.147,0.147,0.143,0.143,0.14,0.14
열관류율,외벽(바닥),중부2,,,0.35,0.3,0.17,0.168,0.168,0.159,0.159,0.14,0.14
열관류율,외벽(바닥),남부,,,0.41,0.35,0.22,0.215,0.215,0.198,0.198,0.18,0.18
열관류율,외벽(바닥),제주,,,0.47,0.35,0.29,0.275,0.275,0.275,0.259,0.259,0.259
열관류율,외부창,중부1,,,3,2.1,0.9,0.88,0.88,0.839,0.839,0.78,0.78
열관류율,외부창,중부2,,,3,2.1,1,1,1,0.929,0.929,0.875,0.875
열관류율,외부창,남부,,,3.3,2.4,1.2,1.104,1.104,0.986,0.986,0.961,0.961
열관류율,외부창,제주,,,4.2,3.1,1.6,1.2,1.2,1.2,1.171,1.171,1.171
열관류율,내벽(벽체),중부1,,,0.64,0.49,0.21,0.204,0.194,0.184,0.175,0.166,0.158
열관류율,내벽(벽체),중부2,,,0.64,0.49,0.24,0.233,0.221,0.21,0.2,0.19,0.18
열관류율,내벽(벽체),남부,,,0.81,0.63,0.31,0.301,0.286,0.271,0.258,0.245,0.233
열관류율,내벽(벽체),제주,,,1.1,0.85,0.41,0.398,0.378,0.359,0.341,0.324,0.308
열관류율,내벽(지붕),중부1,,,0.41,0.29,0.21,0.204,0.194,0.184,0.175,0.166,0.158
열관류율,내벽(지붕),중부2,,,0.41,0.29,0.21,0.204,0.194,0.184,0.175,0.166,0.158
열관류율,내벽(지붕),남부,,,0.52,0.34,0.26,0.252,0.24,0.228,0.216,0.205,0.195
열관류율,내벽(지붕),제주,,,0.58,0.41,0.35,0.34,0.323,0.306,0.291,0.277,0.263
열관류율,내벽(바닥),중부1,,,0.52,0.43,0.21,0.204,0.194,0.184,0.175,0.166,0.158
열관류율,내벽(바닥),중부2,,,0.52,0.43,0.24,0.233,0.221,0.21,0.2,0.19,0.18
열관류율,내벽(바닥),남부,,,0.58,0.5,0.31,0.301,0.286,0.271,0.258,0.245,0.233
열관류율,내벽(바닥),제주,,,0.64,0.5,0.41,0.398,0.378,0.359,0.341,0.324,0.308
SHGC,외부창,중부1,,,0.688,0.516,0.524,0.418,0.418,0.418,0.418,0.348,0.348
SHGC,외부창,중부2,,,0.688,0.516,0.524,0.418,0.418,0.418,0.418,0.348,0.348
SHGC,외부창,남부,,,0.688,0.516,0.524,0.418,0.418,0.418,0.418,0.348,0.348
SHGC,외부창,제주,,,0.688,0.688,0.524,0.418,0.418,0.418,0.418,0.348,0.348
난방효율,보일러,,LNG,,0.8,0.8,0.83,0.84,0.85,0.86,0.87,0.88,0.89
난방효율,지역난방,,,,1,1,1,1,1,1,1,1,1
난방제어,지역난방:펌프제어,,,,정압,정압,정압,정압,정압,변압,변압,변압,변압
냉방효율,EHP,,,,2.76,2.76,2.894,3,3.2,3.4,3.6,4,4
냉방제어,HP,,,,on/off제어,on/off제어,on/off제어,on/off제어,on/off제어,회전수제어,회전수제어,회전수제어,회전수제어
열회수율,난방,,,,0.7,0.7,0.7,0.71,0.72,0.74,0.76,0.78,0.78
열회수율,냉방,,,,0.45,0.45,0.45,0.55,0.6,0.64,0.66,0.68,0.68
전기,평균조명에너지부하율,,,,12.5,12.5,8,7.4,6.8,6.2,5.6,5,4.4
신재생,태양광_모듈면적비(최대),,,C1,,,,,,,,,0.15
신재생,태양광_모듈면적비(최대),,,C2,,,,,,,,,0.1
신재생,태양광_모듈면적비(최대),,,C3,,,,,,,,,0.05
신재생,태양광_모듈면적비(최대),,,C4,,,,,,,,,0.03
