use.code,use.raw,use
01000,단독주택,단독주택
01001,단독주택,단독주택
01003,다가구주택,공동주택
02000,공동주택,공동주택
02001,아파트,공동주택
02003,다세대주택,공동주택
02007,기숙사,공동주택
03000,제1종근린생활시설,상업용
03012,공중화장실,기타
04000,제2종근린생활시설,상업용
04999,기타제2종근린생활시설,상업용
05000,문화및집회시설,교육사회용
06000,종교시설,교육사회용
06103,사찰,교육사회용
06999,기타종교시설,교육사회용
07000,판매시설,상업용
08000,운수시설,상업용
09000,의료시설,교육사회용
10000,교육연구시설,교육사회용
11000,노유자시설,교육사회용
12000,수련시설,교육사회용
13000,운동시설,교육사회용
14000,업무시설,상업용
15000,숙박시설,상업용
16000,위락시설,상업용
17000,공장,기타
17999,기타공장,기타
18000,창고시설,기타
19000,위험물저장및처리시설,상업용
20000,자동차관련시설,상업용
21000,동물및식물관련시설,기타
22000,분뇨.쓰레기처리시설,기타
23000,교정및군사시설,기타
24000,방송통신시설,기타
25000,발전시설,기타
26000,묘지관련시설,교육사회용
27000,관광휴게시설,교육사회용
28000,가설건축물,기타
29000,장례시설,교육사회용
30000,자원순환관련시설,기타
31000,야영장시설,상업용
32000,교정시설,기타
33000,"국방,군사시설",기타
Z3000,근린생활시설,상업용
Z5000,문화및집회시설,교육사회용
Z6000,판매및영업시설,상업용
Z8000,교육연구및복지시설,교육사회용
Z9000,공공용시설,기타
